vertice,average_time_execution_bf,average_time_execution_greedy,same_solution_count
5.0,0.1380140781402588,0.018522262573242188,350.0
6.0,0.7955739498138428,0.022014379501342773,237.0
7.0,6.486757040023804,0.02400660514831543,144.0
8.0,58.38290023803711,0.04402780532836914,101.0
9.0,575.0090248584747,0.06304216384887695,73.0
