vertice,average_time_execution_bf,average_time_execution_greedy,average_time_execution_backtracking,same_solution_count
5.0,0.11806273460388184,0.009994745254516602,0.09698796272277832,342.0
6.0,0.787280797958374,0.00900411605834961,0.39365100860595703,230.0
7.0,6.240107774734497,0.018007278442382812,1.3944578170776367,171.0
8.0,56.32629919052124,0.04102444648742676,4.812211513519287,87.0
