vertice,average_time_execution_bf,average_time_execution_greedy,average_time_execution_backtracking,average_time_execution_dynamic_programming,same_solution_count
5.0,0.11597704887390137,0.016998767852783203,0.11899042129516602,0.07082080841064453,346.0
6.0,0.7919917106628418,0.01300048828125,0.4120931625366211,0.19198226928710938,210.0
7.0,6.297777891159058,0.027034282684326172,1.4539930820465088,0.6303465366363525,151.0
8.0,57.43021106719971,0.05204129219055176,4.802402496337891,1.7377700805664062,110.0
9.0,554.7229247093201,0.05698823928833008,15.086637258529663,4.584030866622925,78.0
